,count,Name
0,159,"Aircraft, spacecraft, and parts thereof"
1,159,"Preparations of vegetables, fruit, nuts or other parts of plants"
2,159,"Preparations of cereals, flour, starch or milk; pastrycooks' products"
3,159,Plastics and articles thereof
4,159,Pharmaceutical products
5,159,"Paper and paperboard; articles of paper pulp, of paper or of paperboard"
6,159,Other made-up textile articles; sets; worn clothing and worn textile articles; rags
7,159,Other base metals; cermets; articles thereof
8,159,Organic chemicals
9,159,"Ores, slag and ash"
10,159,Nickel and articles thereof
11,159,Musical instruments; parts and accessories of such articles
12,159,Miscellaneous manufactured articles
13,159,Miscellaneous edible preparations
14,159,Miscellaneous chemical products
15,159,Miscellaneous articles of base metal
16,159,Albuminoidal substances; modified starches; glues; enzymes
17,159,"Preparations of meat, of fish or of crustaceans, molluscs or other aquatic invertebrates"
18,159,"Products of animal origin, not elsewhere specified or included"
19,159,Man-made filaments; strip and the like of man-made textile materials
20,159,Products of the milling industry; malt; starches; inulin; wheat gluten
21,159,"Works of art, collectors' pieces and antiques"
22,159,"Wool, fine or coarse animal hair; horsehair yarn and woven fabric"
23,159,Wood and articles of wood; wood charcoal
24,159,"Wadding, felt and nonwovens; special yarns; twine, cordage, ropes and cables and articles thereof"
25,159,"Vehicles other than railway or tramway rolling stock, and parts and accessories thereof"
26,159,"Umbrellas, sun umbrellas, walking sticks, seat-sticks, whips, riding-crops and parts thereof"
27,159,"Toys, games and sports requisites; parts and accessories thereof"
28,159,"Tools, implements, cutlery, spoons and forks, of base metal; parts thereof of base metal"
29,159,Sugars and sugar confectionery
30,159,Special woven fabrics; tufted textile fabrics; lace; tapestries; trimmings; embroidery
31,159,"Ships, boats and floating structures"
32,159,"Salt; sulphur; earths and stone; plastering materials, lime and cement"
33,159,Rubber and articles thereof
34,159,Residues and waste from the food industries; prepared animal fodder
35,159,Raw hides and skins (other than furskins) and leather
36,159,Man-made staple fibres
37,159,Meat and edible meat offal
38,159,"Machinery, mechanical appliances, nuclear reactors, boilers; parts thereof"
39,159,Edible fruit and nuts; peel of citrus fruit or melons
40,159,Copper and articles thereof
41,159,Commodities not elsewhere specified
42,159,"Coffee, tea, maté and spices"
43,159,Cocoa and cocoa preparations
44,159,Clocks and watches and parts thereof
45,159,Cereals
46,159,Ceramic products
47,159,Carpets and other textile floor coverings
48,159,"Beverages, spirits and vinegar"
49,159,"Articles of stone, plaster, cement, asbestos, mica or similar materials"
50,159,Articles of iron or steel
51,159,"Articles of apparel and clothing accessories, not knitted or crocheted"
52,159,"Articles of apparel and clothing accessories, knitted or crocheted"
53,159,Aluminium and articles thereof
54,159,All products
55,159,Cotton
56,159,Zinc and articles thereof
57,159,Edible vegetables and certain roots and tubers
58,159,Headgear and parts thereof
59,159,"Live trees and other plants; bulbs, roots and the like; cut flowers and ornamental foliage"
60,159,Live animals
61,159,Lead and articles thereof
62,159,Fertilisers
63,159,"Lac; gums, resins and other vegetable saps and extracts"
64,159,"Fish and crustaceans, molluscs and other aquatic invertebrates"
65,159,"Footwear, gaiters and the like; parts of such articles"
66,159,Knitted or crocheted fabrics
67,159,Iron and steel
68,159,Glass and glassware
69,159,"Essential oils and resinoids; perfumery, cosmetic or toilet preparations"
70,158,Tin and articles thereof
71,158,Tobacco and manufactured tobacco substitutes
72,158,Explosives; pyrotechnic products; matches; pyrophoric alloys; certain combustible preparations
73,158,Photographic or cinematographic goods
74,158,"Manufactures of straw, of esparto or of other plaiting materials; basketware and wickerwork"
75,158,Cork and articles of cork
76,157,Furskins and artificial fur; manufactures thereof
77,156,Silk
78,156,Vegetable plaiting materials; vegetable products not elsewhere specified or included
79,156,Other vegetable textile fibres; paper yarn and woven fabrics of paper yarn
80,138,Arms and ammunition; parts and accessories thereof
